date;open;high;low;close;volume;MA2.MA1;MA2.MA2;MA2.MA3;MA2.MA4;MA2.MA5;MA2.MA6;MA2.MA7;MA2.MA8;MA2.MA9;MA2.MA10;VOL.VOLUME;VOL.MAVOL1;VOL.MAVOL2;KDJ.K;KDJ.D;KDJ.J;BOLL.BOLL;BOLL.UB;BOLL.LB;MACD.DIF;MACD.DEA;MACD.MACD
1990/12/31;96.05;127.61;95.79;127.61;15;;;;;;;;;;;1500.00;;;100.00;100.00;100.00;;;;0.00;0.00;0.00
1991/01/31;127.61;135.19;127.61;129.97;663;;;;;;;;;;;66300.00;;;95.58;98.53;89.70;;;;0.19;0.04;0.30
1991/02/28;129.50;134.87;128.06;133.01;502;;;;;;;;;;;50200.00;;;95.21;97.42;90.79;;;;0.58;0.15;0.86
1991/03/29;132.53;132.53;120.11;120.19;234;;;;;;;;;;;23400.00;;;84.12;92.99;66.38;;;;-0.15;0.09;-0.47
1991/04/30;120.69;122.20;113.89;113.94;696;124.94;;;;;;;;;;69600.00;42200.00;;71.43;85.80;42.70;;;;-1.21;-0.17;-2.08
1991/05/31;113.04;114.83;104.96;114.83;757;122.39;;;;;;;;;;75700.00;57040.00;;63.73;78.45;34.30;;;;-1.96;-0.53;-2.86
1991/06/28;115.90;137.56;114.89;137.56;770;123.91;;;;;;;;;;77000.00;59180.00;;75.82;77.57;72.32;;;;-0.72;-0.57;-0.29
1991/07/31;136.64;143.80;131.87;143.80;1589;126.06;;;;;;;;;;158900.00;80920.00;;83.88;79.67;92.29;;;;0.77;-0.30;2.14
1991/08/30;145.12;178.43;143.80;178.43;799;137.71;;;;;;;;;;79900.00;92220.00;;89.25;82.87;102.03;;;;4.68;0.70;7.98
1991/09/30;180.08;191.18;178.43;180.92;2851;151.11;138.03;;;;;;;;;285100.00;135320.00;88760.00;88.87;84.87;96.87;;;;7.90;2.14;11.52
1991/10/31;181.55;218.60;179.80;218.60;2223;171.86;147.13;;;;;;;;;222300.00;164640.00;110840.00;92.58;87.44;102.86;;;;13.33;4.38;17.91
1991/11/29;220.71;259.85;218.60;259.60;953;196.27;160.09;;;;;;;;;95300.00;168300.00;113740.00;95.00;89.96;105.08;;;;20.71;7.64;26.13
1991/12/31;261.78;292.75;259.67;292.75;424;226.06;176.06;;;;;;;;;42400.00;145000.00;112960.00;96.67;92.19;105.61;;;;28.89;11.89;34.00
1992/01/31;293.74;313.24;292.76;313.24;160;253.02;195.37;;;;;;;;;16000.00;132220.00;112220.00;97.78;94.06;105.22;;;;36.61;16.84;39.56
1992/02/28;314.18;364.67;313.24;364.66;1075;289.77;220.44;;;;;;;;;107500.00;96700.00;116010.00;98.52;95.54;104.47;;;;46.35;22.74;47.22
1992/03/31;365.15;382.06;364.66;381.24;1604;322.30;247.08;;;;;;;;;160400.00;84320.00;124480.00;98.90;96.66;103.38;;;;54.77;29.14;51.25
1992/04/30;381.55;448.94;381.01;445.38;5094;359.45;277.86;;;;;;;;;509400.00;167140.00;167720.00;98.88;97.40;101.83;;;;65.86;36.49;58.74
1992/05/29;454.86;1429.01;439.96;1234.71;10722;547.85;386.95;;;;;;;;;1072200.00;373100.00;259050.00;94.07;96.29;89.64;;;;136.76;56.54;160.44
1992/06/30;1175.69;1249.58;1033.47;1191.19;7931;723.44;488.23;;;;;;;;;793100.00;528520.00;330370.00;89.70;94.10;80.92;;;;187.28;82.69;209.18
1992/07/31;1199.54;1215.24;961.61;1052.07;13873;860.92;575.34;356.68;;;;;;;;1387300.00;784480.00;440590.00;82.76;90.32;67.63;356.68;1078.84;-365.47;213.63;108.88;209.51
1992/08/31;1034.70;1060.36;627.36;823.27;20394;949.32;635.81;391.47;;;;;;;;2039400.00;1160280.00;622300.00;71.24;83.96;45.80;391.47;1133.89;-350.96;213.59;129.82;167.54
1992/09/30;826.96;832.84;595.42;702.32;20889;1000.71;680.08;420.09;;;;;;;;2088900.00;1476180.00;821660.00;59.51;75.81;26.91;420.09;1164.19;-324.02;201.48;144.15;114.65
1992/10/30;676.47;713.77;447.93;507.25;20456;855.22;701.53;438.80;;;;;;;;2045600.00;1670860.00;1021980.00;45.47;65.69;5.01;438.80;1171.24;-293.64;174.13;150.15;47.96
1992/11/30;471.18;752.32;386.85;724.60;32508;761.90;742.67;469.02;;;;;;;;3250800.00;2162400.00;1345460.00;41.58;57.66;9.44;469.02;1195.96;-257.93;168.05;153.73;28.65
1992/12/31;718.99;841.02;592.78;780.39;47608;707.57;784.24;502.34;;;;;;;;4760800.00;2837100.00;1810790.00;40.43;51.91;17.45;502.34;1221.81;-217.13;165.83;156.15;19.36
1993/01/29;784.13;1198.48;777.16;1198.48;73408;782.61;865.97;556.52;;;;;;;;7340800.00;3897380.00;2528830.00;52.91;52.25;54.24;556.52;1315.27;-202.22;195.55;164.03;63.04
1993/02/26;1242.35;1558.95;1196.47;1339.88;122747;910.12;955.42;616.64;;;;;;;;12274700.00;5934540.00;3705360.00;62.38;55.62;75.89;616.64;1424.54;-191.27;227.89;176.80;102.17
1993/03/31;1328.22;1339.10;913.74;925.91;76208;993.85;924.54;655.74;;;;;;;;7620800.00;7049580.00;4360220.00;56.91;56.05;58.64;655.74;1442.72;-131.24;217.60;184.96;65.28
1993/04/30;921.59;1392.62;915.59;1358.78;129973;1120.69;941.30;714.76;;;;;;;;12997300.00;8998880.00;5580640.00;65.58;59.23;78.29;714.76;1527.64;-98.11;241.59;196.29;90.61
1993/05/31;1365.15;1380.50;930.64;935.48;66114;1151.71;929.64;752.49;;;;;;;;6611400.00;9369000.00;6103050.00;59.33;59.26;59.45;752.49;1530.33;-25.35;223.87;201.80;44.13
1993/06/30;935.90;1177.91;859.48;1007.05;90641;1113.42;948.01;791.91;;;;;;;;9064100.00;9713659.00;6805519.50;57.19;58.57;54.42;791.91;1534.96;48.87;213.14;204.07;18.14
1993/07/30;1000.80;1009.89;777.73;881.07;65594;1021.66;965.89;822.99;;;;;;;;6559400.00;8570601.00;7252570.50;52.18;56.44;43.66;822.99;1523.04;122.93;192.26;201.71;-18.90
1993/08/31;885.31;1042.47;823.00;895.68;149758;1015.61;1004.73;853.13;;;;;;;;14975800.00;10041599.00;8545590.00;45.24;52.71;30.30;853.13;1507.48;198.79;174.87;196.34;-42.94
1993/09/30;898.01;947.53;864.38;890.27;61938;921.91;1021.30;881.98;;;;;;;;6193800.00;8680901.00;8839890.00;34.98;46.80;11.35;881.98;1484.97;279.00;158.83;188.84;-60.03
1993/10/29;895.69;934.40;774.54;814.82;151446;897.78;1024.74;904.49;;;;;;;;15144600.00;10387539.00;9878270.00;25.03;39.54;-3.99;904.49;1457.72;351.26;138.43;178.76;-80.66
1993/11/30;801.86;1011.76;793.32;984.93;269265;893.35;1003.39;934.68;;;;;;;;26926500.00;13960019.00;11836839.00;28.03;35.71;12.69;934.68;1430.61;438.74;134.43;169.89;-70.92
1993/12/31;993.67;1044.85;750.46;833.80;281854;883.90;952.78;954.10;;;;;;;;28185400.00;18285220.00;13427910.00;23.02;31.48;6.09;954.10;1396.93;511.26;117.72;159.46;-83.48
1994/01/31;837.70;907.09;760.78;770.25;242444;858.81;937.21;930.87;;;;;;;;24244400.00;20138940.00;15090270.00;16.39;26.45;-3.72;930.87;1360.26;501.49;98.21;147.21;-97.99
1994/02/28;770.25;818.57;749.63;770.98;150684;834.96;878.43;909.86;;;;;;;;15068400.00;21913860.00;15297380.00;12.59;21.83;-5.89;909.86;1326.55;493.18;81.87;134.14;-104.54
1994/03/31;771.52;807.52;694.03;704.46;535396;812.88;855.33;892.48;;;;;;;;53539600.00;29592860.00;19990200.00;9.38;17.68;-7.21;892.48;1313.17;471.79;62.82;119.88;-114.11
1994/04/29;704.93;705.41;536.34;592.56;393132;734.41;813.88;880.95;;;;;;;;39313200.00;32070202.00;23015110.00;9.94;15.10;-0.38;880.95;1321.80;440.10;38.26;103.55;-130.59
1994/05/31;593.94;620.94;537.78;556.26;419438;678.90;781.40;873.64;;;;;;;;41943800.00;34821880.00;26553550.00;7.93;12.71;-1.62;873.64;1331.47;415.82;15.68;85.98;-140.59
1994/06/30;554.08;556.90;458.74;469.29;211912;618.71;738.76;871.75;;;;;;;;21191200.00;34211240.00;27175092.00;5.89;10.44;-3.21;871.75;1336.23;407.26;-9.12;66.96;-152.16
1994/07/29;469.27;469.43;325.89;333.92;154277;531.30;683.13;852.21;;;;;;;;15427700.00;34283096.00;28098478.00;4.30;8.39;-3.89;852.21;1372.29;332.14;-39.25;45.72;-169.94
1994/08/31;394.87;787.22;377.97;785.33;2073209;547.47;680.18;852.46;;;;;;;;207320896.00;65039356.00;47316108.00;24.17;13.65;45.20;852.46;1372.39;332.53;-26.40;31.29;-115.38
1994/09/30;785.61;1052.94;785.56;791.15;1487521;587.19;660.80;832.09;;;;;;;;148752096.00;86927144.00;59498672.00;37.44;21.58;69.17;832.09;1326.23;337.96;-15.56;21.92;-74.97
1994/10/31;770.90;794.85;546.79;654.98;655763;606.93;642.92;797.85;;;;;;;;65576300.00;91653632.00;63237756.00;40.05;27.74;64.67;797.85;1235.52;360.18;-17.76;13.99;-63.49
1994/11/30;667.66;743.22;648.68;683.59;323854;649.79;634.25;785.73;;;;;;;;32385400.00;93892472.00;64051856.00;43.10;32.86;63.58;785.73;1221.89;349.58;-17.00;7.79;-49.57
1994/12/30;684.02;695.22;620.47;647.87;216329;712.58;621.94;750.19;;;;;;;;21632900.00;95133520.00;64708308.00;43.49;36.40;57.68;750.19;1096.28;404.10;-19.05;2.42;-42.95
1995/01/27;637.72;657.45;547.38;562.59;77291;668.04;607.75;731.54;;;;;;;;7729100.00;55215168.00;60127264.00;39.85;37.55;44.44;731.54;1075.77;387.31;-27.25;-3.51;-47.48
1995/02/28;559.78;608.58;524.43;549.26;103857;619.66;603.42;708.65;;;;;;;;10385700.00;27541876.00;57234508.00;36.81;37.30;35.81;708.65;1036.23;381.08;-34.43;-9.70;-49.46
1995/03/31;548.91;648.04;545.72;646.92;293717;618.05;612.49;696.95;;;;;;;;29371700.00;20300966.00;55977300.00;39.26;37.95;41.86;696.95;1015.18;378.71;-31.87;-14.13;-35.47
1995/04/28;651.04;681.15;547.21;579.93;303829;597.31;623.55;681.16;;;;;;;;30382900.00;19900468.00;56896472.00;36.14;37.35;33.73;681.16;989.04;373.28;-34.84;-18.27;-33.14
1995/05/31;576.69;926.41;564.86;700.51;613262;607.84;660.21;671.67;;;;;;;;61326200.00;27839130.00;61486324.00;35.20;36.63;32.34;671.67;963.70;379.64;-27.15;-20.05;-14.21
1995/06/30;703.72;722.30;625.70;630.58;266575;621.44;644.74;662.46;;;;;;;;26657500.00;31624794.00;43419980.00;32.27;35.18;26.45;662.46;947.01;377.91;-26.40;-21.32;-10.17
1995/07/31;623.14;723.68;610.33;695.55;669986;650.70;635.18;647.99;;;;;;;;66998600.00;42947380.00;35244628.00;35.70;35.35;36.40;647.99;889.70;406.28;-20.33;-21.12;1.58
1995/08/31;697.22;788.16;688.65;723.87;1000431;666.09;642.07;642.49;;;;;;;;100043104.00;57081664.00;38691316.00;40.34;37.02;46.99;642.49;871.06;413.93;-13.08;-19.51;12.87
1995/09/29;726.05;792.54;699.10;722.43;599253;694.59;645.95;640.10;;;;;;;;59925300.00;62990132.00;41445300.00;43.31;39.11;51.71;640.10;863.99;416.21;-7.37;-17.08;19.43
1995/10/31;724.04;765.48;693.86;717.32;712074;697.95;652.90;637.42;;;;;;;;71207400.00;64966376.00;46402752.00;44.87;41.03;52.54;637.42;855.93;418.91;-3.21;-14.31;22.19
1995/11/30;716.46;736.91;632.03;641.14;330164;700.06;660.75;634.25;627.81;;;;;;;33016400.00;66238168.00;48931480.00;38.27;40.11;34.58;634.25;850.49;418.01;-6.00;-12.65;13.29
1995/12/29;631.55;643.36;552.84;555.29;176710;672.01;661.35;632.39;634.93;;;;;;;17671000.00;56372632.00;49660008.00;26.22;35.48;7.70;632.39;850.77;414.00;-14.96;-13.11;-3.71
1996/01/31;550.26;561.36;512.83;537.35;252877;634.71;650.40;631.44;641.72;;;;;;;25287700.00;41421568.00;49251616.00;19.46;30.14;-1.91;631.44;851.37;411.51;-23.25;-15.14;-16.22
1996/02/16;536.24;553.83;518.18;552.94;93695;600.81;647.70;635.63;648.72;;;;;;;9369500.00;31310412.00;47150272.00;17.75;26.01;1.23;635.63;845.53;425.73;-28.23;-17.76;-20.94
1996/03/29;583.38;606.51;549.71;556.39;269754;568.62;633.29;646.75;655.99;;;;;;;26975400.00;22464000.00;43715188.00;17.03;23.02;5.05;646.75;807.05;486.45;-31.53;-20.51;-22.04
1996/04/30;566.21;739.10;556.23;681.15;748375;576.62;638.34;641.54;665.45;;;;;;;74837504.00;30828212.00;48533192.00;31.41;25.81;42.60;641.54;789.14;493.94;-23.81;-21.17;-5.28
1996/05/31;715.98;724.97;630.52;643.65;804629;594.30;633.15;634.17;674.26;;;;;;;80462896.00;43386600.00;49879616.00;36.53;29.39;50.82;634.17;763.96;504.37;-20.48;-21.03;1.10
1996/06/28;643.95;819.68;636.49;804.25;1219443;647.68;641.19;641.63;685.37;;;;;;;121944304.00;62717900.00;52069736.00;56.01;38.26;91.51;641.63;792.00;491.26;-4.83;-17.79;25.93
1996/07/31;800.90;894.72;753.75;822.47;1400978;701.58;651.19;648.57;696.68;;;;;;;140097792.00;88863568.00;60086988.00;64.37;46.96;99.18;648.57;818.64;478.51;8.94;-12.45;42.78
1996/08/30;823.17;894.85;766.70;809.93;811990;752.29;660.46;656.68;707.21;;;;;;;81199000.00;99708288.00;61086144.00;68.83;54.25;98.00;656.68;841.41;471.94;18.63;-6.23;49.72
1996/09/27;812.94;875.52;752.68;875.52;885025;791.16;683.89;672.32;718.78;;;;;;;88502496.00;102441296.00;66634752.00;77.54;62.01;108.58;672.32;875.58;469.06;31.24;1.26;59.96
1996/10/31;887.85;1038.81;852.83;976.71;1846920;857.78;726.04;693.70;731.42;;;;;;;184692000.00;123287144.00;83336872.00;81.05;68.36;106.43;693.70;929.72;457.67;48.84;10.78;76.12
1996/11/29;935.17;1047.39;896.87;1032.94;1368464;903.51;775.60;713.00;744.31;;;;;;;136846400.00;126267544.00;94492720.00;86.40;74.37;110.45;713.00;992.12;433.87;66.55;21.93;89.24
1996/12/31;1056.67;1258.68;855.84;917.01;2170212;922.42;812.00;729.85;754.71;;;;;;;217021200.00;141652224.00;115257896.00;74.72;74.49;75.18;729.85;1015.77;443.93;70.43;31.63;77.59
1997/01/31;914.06;967.89;871.78;964.74;689181;953.38;852.84;743.06;765.57;;;;;;;68918096.00;139196032.00;119452160.00;67.55;72.17;58.29;743.06;1047.11;439.01;76.47;40.60;71.73
1997/02/28;969.53;1040.17;870.18;1040.02;773410;986.28;888.72;763.53;776.83;;;;;;;77341000.00;136963760.00;119702528.00;66.65;70.33;59.29;763.53;1090.01;437.06;86.33;49.75;73.17
1997/03/31;1044.61;1234.95;1043.92;1234.61;1861120;1037.86;947.82;790.49;791.05;;;;;;;186112000.00;137247744.00;130267440.00;76.18;72.28;83.98;790.49;1176.84;404.13;108.60;61.52;94.17
1997/04/30;1243.87;1396.48;1222.55;1393.74;2117321;1110.02;1006.77;823.98;806.86;;;;;;;211732096.00;152224864.00;139246208.00;83.98;76.18;99.57;823.98;1293.26;354.70;137.50;76.71;121.58
1997/05/30;1398.14;1510.17;1213.24;1285.18;1562594;1183.66;1053.04;852.12;807.70;;;;;;;156259392.00;140072496.00;140862368.00;79.42;77.26;83.74;852.12;1361.53;342.70;149.92;91.36;117.13
1997/06/27;1302.82;1369.51;1154.97;1250.27;973748;1240.76;1097.07;878.76;808.68;;;;;;;97374800.00;145763888.00;142479968.00;73.10;75.87;67.55;878.76;1413.61;343.92;155.16;104.12;102.08
1997/07/31;1255.90;1261.57;1066.04;1189.76;908400;1270.71;1128.50;906.20;810.98;;;;;;;90840000.00;148463616.00;142713696.00;65.74;72.50;52.24;906.20;1445.98;366.41;152.66;113.83;77.68
1997/08/29;1191.65;1223.07;1116.14;1221.06;925144;1268.00;1152.93;939.48;817.61;;;;;;;92514400.00;129744128.00;133495936.00;62.43;69.14;49.02;939.48;1470.19;408.78;151.47;121.35;60.23
1997/09/30;1224.17;1264.48;1025.13;1097.38;923465;1208.73;1159.38;967.49;824.19;;;;;;;92346496.00;105867008.00;129045936.00;53.46;63.91;32.54;967.49;1467.04;467.93;138.94;124.87;28.14
1997/10/31;1100.70;1241.83;1087.01;1180.39;704296;1187.77;1185.72;998.86;835.41;;;;;;;70429600.00;88701080.00;114386792.00;51.79;59.87;35.64;998.86;1466.59;531.13;134.16;126.73;14.86
1997/11/28;1181.16;1213.22;1114.13;1139.62;634696;1165.64;1203.20;1028.02;842.33;;;;;;;63469600.00;81920000.00;113841944.00;42.40;54.05;19.10;1028.02;1450.09;605.95;125.64;126.51;-1.75
1997/12/31;1137.58;1198.97;1119.20;1194.10;669364;1166.51;1218.61;1053.67;849.22;;;;;;;66936400.00;77139304.00;112801456.00;39.88;49.33;20.98;1053.67;1448.45;658.89;121.87;125.58;-7.42
1998/01/23;1200.94;1250.00;1110.08;1222.91;708196;1166.88;1217.44;1082.63;849.63;;;;;;;70819600.00;72800304.00;101272216.00;40.18;46.28;27.98;1082.63;1433.29;731.98;119.83;124.43;-9.20
1998/02/27;1257.99;1262.62;1189.51;1206.53;602697;1188.71;1198.72;1102.74;847.41;;;;;;;60269700.00;66385000.00;86126000.00;44.34;45.63;41.77;1102.74;1431.64;773.85;115.56;122.66;-14.19
1998/03/31;1196.74;1252.24;1175.55;1243.01;859723;1201.23;1194.50;1123.77;852.69;;;;;;;85972304.00;69493504.00;79097296.00;59.91;50.39;78.94;1123.77;1430.23;817.32;113.81;120.89;-14.16
1998/04/30;1243.37;1343.46;1240.05;1343.44;2239798;1242.00;1203.82;1150.45;852.44;;;;;;;223979808.00;101595544.00;91757776.00;73.27;58.02;103.77;1150.45;1433.89;867.00;119.15;120.54;-2.78
1998/05/29;1353.05;1411.34;1324.72;1411.20;1891089;1285.42;1225.96;1177.23;860.37;;;;;;;189108896.00;126030080.00;101584688.00;82.17;66.07;114.37;1177.23;1452.41;902.05;127.38;121.91;10.95
1998/06/30;1418.35;1422.97;1323.52;1339.20;1422142;1308.68;1237.78;1195.36;865.90;;;;;;;142214208.00;140308992.00;106554648.00;79.80;70.64;98.11;1195.36;1462.56;928.15;126.64;122.85;7.56
1998/07/31;1363.26;1367.14;1278.30;1316.91;1072064;1330.75;1259.73;1209.55;873.17;;;;;;;107206400.00;149696352.00;108040680.00;75.23;72.17;81.35;1209.55;1470.52;948.58;122.83;122.85;-0.04
1998/08/31;1315.13;1315.47;1043.02;1150.22;1154731;1312.19;1256.71;1221.21;877.41;;;;;;;115473104.00;155596496.00;112545000.00;59.56;67.97;42.74;1221.21;1445.40;997.03;105.15;119.31;-28.32
1998/09/30;1142.50;1264.39;1123.63;1242.89;1550170;1292.08;1267.04;1235.12;883.28;;;;;;;155016992.00;141803984.00;121699760.00;57.24;64.39;42.94;1235.12;1424.05;1046.20;97.50;114.95;-34.90
1998/10/30;1245.73;1263.71;1191.55;1217.31;1171619;1253.31;1269.36;1243.99;889.99;;;;;;;117161904.00;127414480.00;126722280.00;53.45;60.75;38.86;1243.99;1409.56;1078.41;88.35;109.63;-42.56
1998/11/30;1217.33;1300.15;1210.84;1247.41;1224131;1234.95;1271.81;1244.63;894.37;;;;;;;122413104.00;123454360.00;131881680.00;53.57;58.35;43.99;1244.63;1410.15;1079.10;82.57;104.22;-43.29
1998/12/31;1249.00;1251.86;1125.55;1146.70;723221;1200.90;1265.83;1232.27;899.58;;;;;;;72322096.00;116477440.00;133086896.00;44.81;53.84;26.74;1232.27;1387.49;1077.05;69.07;97.19;-56.23
1999/01/29;1144.88;1174.42;1104.50;1134.67;931160;1197.80;1254.99;1224.75;905.66;;;;;;;93116000.00;112006040.00;133801264.00;37.91;48.53;16.68;1224.75;1383.72;1065.78;56.75;89.10;-64.70
1999/02/09;1131.65;1131.66;1064.17;1090.08;276356;1167.23;1229.66;1216.74;910.97;;;;;;;27635600.00;86529744.00;114166864.00;29.40;42.15;3.90;1216.74;1386.10;1047.38;42.89;79.86;-73.93
1999/03/31;1092.14;1179.65;1084.15;1158.05;1367199;1155.38;1204.34;1215.15;918.53;;;;;;;136719904.00;90441424.00;108927952.00;31.43;38.58;17.14;1215.15;1386.16;1044.15;36.97;71.28;-68.63
1999/04/30;1158.68;1210.10;1087.79;1120.92;1621355;1130.08;1182.52;1210.15;927.34;;;;;;;162135504.00;98385816.00;110920088.00;30.49;35.88;19.69;1210.15;1386.21;1034.08;28.94;62.81;-67.74
1999/05/31;1120.90;1303.48;1047.83;1279.32;2285235;1156.61;1178.76;1219.24;939.39;;;;;;;228523504.00;129626112.00;123051776.00;50.51;40.76;70.01;1219.24;1389.48;1049.00;34.96;57.24;-44.56
1999/06/30;1283.30;1756.18;1259.00;1689.42;6404485;1267.56;1232.68;1244.70;959.73;;;;;;;640448512.00;239092640.00;175549344.00;63.86;48.46;94.67;1244.70;1513.91;975.48;71.99;60.19;23.60
1999/07/30;1678.83;1678.83;1471.50;1601.45;3671153;1369.83;1268.53;1267.79;980.85;;;;;;;367115296.00;306988544.00;196759136.00;68.63;55.18;95.52;1267.79;1575.52;960.05;93.17;66.79;52.76
1999/08/31;1607.06;1658.69;1546.83;1627.11;2371208;1463.64;1309.51;1289.44;994.88;;;;;;;237120800.00;327068672.00;208755040.00;73.01;61.12;96.78;1289.44;1634.06;944.81;110.74;75.58;70.33
1999/09/30;1627.82;1695.64;1556.74;1570.70;1632967;1553.60;1341.84;1306.83;1007.87;;;;;;;163296704.00;327300928.00;212843360.00;73.28;65.18;89.49;1306.83;1671.81;941.84;118.75;84.21;69.08
1999/10/29;1568.23;1568.37;1452.70;1504.56;1019668;1598.65;1377.63;1321.73;1022.03;;;;;;;101966800.00;301989568.00;215807840.00;70.35;66.90;77.24;1321.73;1693.74;949.71;118.40;91.05;54.69
1999/11/30;1501.73;1506.99;1427.35;1434.97;1294462;1547.76;1407.66;1331.33;1034.56;;;;;;;129446200.00;199789152.00;219440896.00;65.11;66.30;62.74;1331.33;1704.69;957.96;111.22;95.08;32.27
1999/12/30;1434.97;1461.89;1341.05;1366.58;1100448;1500.78;1435.31;1332.48;1046.54;;;;;;;110044800.00;148375040.00;227681792.00;58.41;63.67;47.88;1332.48;1706.15;958.82;98.87;95.84;6.06
2000/01/28;1368.69;1547.70;1361.21;1534.99;2907630;1482.36;1473.00;1338.67;1062.74;;;;;;;290763008.00;159103488.00;243086080.00;61.86;63.07;59.45;1338.67;1721.81;955.54;101.50;96.97;9.06
2000/02/29;1591.44;1770.88;1583.58;1714.57;3728387;1511.13;1532.37;1357.44;1082.16;;;;;;;372838688.00;201011920.00;264156416.00;70.91;65.68;81.36;1357.44;1775.84;939.04;116.74;100.92;31.62
2000/03/31;1720.59;1811.06;1596.07;1800.22;4689867;1570.27;1584.46;1381.61;1101.39;;;;;;;468986688.00;274415936.00;288202752.00;79.84;70.40;98.71;1381.61;1843.70;919.52;134.17;107.57;53.19
2000/04/28;1799.57;1858.26;1746.30;1836.32;2990685;1650.54;1599.15;1415.91;1122.33;;;;;;;299068512.00;308340320.00;254064736.00;85.14;75.32;104.80;1415.91;1906.66;925.17;149.18;115.90;66.57
2000/05/31;1848.17;1908.30;1695.53;1894.55;2101113;1756.13;1628.46;1448.49;1142.23;;;;;;;210111296.00;328353696.00;238364368.00;89.29;79.97;107.92;1448.49;1976.02;920.96;163.89;125.49;76.79
2000/06/30;1900.53;1953.33;1884.61;1928.10;3118640;1834.75;1658.56;1484.03;1163.85;;;;;;;311864000.00;332573792.00;245838640.00;91.49;83.81;106.83;1484.03;2040.94;927.13;176.22;135.64;81.16
2000/07/31;1917.44;2024.99;1888.24;2023.53;3220601;1896.54;1703.84;1522.84;1185.98;;;;;;;322060096.00;322418080.00;261714992.00;94.25;87.29;108.17;1522.84;2117.22;928.46;191.49;146.81;89.35
2000/08/31;2027.01;2114.52;1980.34;2021.19;3762162;1940.74;1755.50;1566.57;1207.61;;;;;;;376216192.00;303864000.00;289139968.00;92.15;88.91;98.62;1566.57;2172.98;960.15;201.08;157.66;86.83
2000/09/29;2009.15;2026.35;1874.21;1910.16;1543119;1955.51;1803.02;1605.34;1227.40;;;;;;;154311904.00;274912672.00;291626496.00;85.72;87.85;81.47;1605.34;2194.40;1016.28;197.44;165.62;63.65
2000/10/31;1912.07;1980.62;1896.94;1961.28;1294944;1968.85;1862.49;1648.90;1248.13;;;;;;;129494400.00;258789168.00;293571424.00;80.86;85.52;71.54;1648.90;2205.48;1092.32;196.42;171.78;49.29
2000/11/30;1961.08;2125.72;1959.72;2070.61;2510430;1997.35;1916.05;1694.53;1271.96;949.88;;;;;;251043008.00;246625280.00;289599552.00;83.77;84.94;81.44;1694.53;2230.94;1158.12;202.11;177.84;48.52
2000/12/29;2073.08;2097.28;2024.28;2073.47;2536595;2007.34;1951.94;1742.15;1297.26;966.10;;;;;;253659504.00;232945056.00;277681568.00;85.13;85.00;85.39;1742.15;2231.18;1253.13;204.49;183.17;42.63
2001/01/19;2077.07;2131.98;2007.70;2065.60;1826850;2016.22;1978.48;1781.47;1322.73;982.23;;;;;;182684992.00;194238672.00;249051344.00;85.02;85.01;85.04;1781.47;2239.25;1323.69;203.39;187.22;32.35
2001/02/28;2069.85;2072.54;1893.78;1959.18;1250812;2026.03;1990.77;1794.96;1346.17;997.45;;;;;;125081200.00;188392656.00;231652656.00;67.67;79.23;44.55;1794.96;2257.19;1332.72;191.73;188.12;7.22
2001/03/30;1959.00;2112.87;1953.72;2112.77;3514745;2056.33;2012.59;1820.52;1372.11;1014.05;;;;;;351474496.00;232788784.00;245788976.00;75.96;78.14;71.61;1820.52;2294.12;1346.93;192.65;189.03;7.26
2001/04/30;2117.45;2179.74;2081.64;2119.18;4460428;2066.04;2031.70;1845.13;1396.08;1030.76;;;;;;446042816.00;271788448.00;259206864.00;77.37;77.88;76.34;1845.13;2327.46;1362.79;191.70;189.56;4.28
2001/05/31;2119.89;2222.65;2119.89;2214.25;3323178;2094.20;2050.77;1877.30;1422.25;1048.26;;;;;;332317792.00;287520160.00;260232608.00;84.11;79.96;92.41;1877.30;2368.34;1386.27;196.35;190.92;10.86
2001/06/29;2216.56;2245.43;2157.12;2218.02;3219007;2124.68;2070.45;1912.98;1445.82;1065.59;;;;;;321900704.00;315363520.00;254801104.00;86.81;82.24;95.94;1912.98;2393.55;1432.41;198.05;192.34;11.42
2001/07/31;2220.41;2223.20;1909.29;1920.31;2300767;2116.91;2071.47;1937.24;1464.11;1080.40;;;;;;230076704.00;336362496.00;262377568.00;60.39;74.96;31.25;1937.24;2361.95;1512.54;173.38;188.55;-30.34
2001/08/31;1925.23;1990.69;1795.56;1834.13;2148813;2061.18;2058.75;1960.62;1481.18;1094.20;;;;;;214881296.00;309043808.00;270916288.00;43.12;64.34;0.66;1960.62;2294.92;1626.33;145.21;179.88;-69.36
2001/09/28;1831.70;1888.90;1750.76;1764.86;1824221;1990.31;2028.18;1972.11;1496.01;1107.40;;;;;;182422096.00;256319696.00;264054064.00;29.69;52.79;-16.50;1972.11;2256.94;1687.29;115.95;167.10;-102.30
2001/10/31;1766.13;1773.79;1514.86;1689.17;2051539;1885.30;1989.75;1970.84;1507.88;1119.65;;;;;;205153904.00;230887008.00;259203584.00;27.75;44.44;-5.64;1970.84;2260.69;1681.00;85.67;150.81;-130.29
2001/11/30;1692.35;1748.00;1550.46;1747.99;2073972;1791.29;1957.99;1968.23;1519.80;1132.05;;;;;;207397200.00;207986080.00;261674800.00;29.14;39.34;8.72;1968.23;2265.40;1671.07;65.66;133.78;-136.25
2001/12/31;1751.05;1776.02;1593.03;1645.97;1720309;1736.43;1926.67;1958.72;1531.95;1143.33;;;;;;172030896.00;196376992.00;266369744.00;25.41;34.70;6.83;1958.72;2284.49;1632.95;41.09;115.24;-148.30
2002/01/31;1643.48;1643.50;1339.20;1491.67;2021289;1667.93;1864.56;1938.57;1540.73;1153.15;;;;;;202128896.00;193826608.00;251435216.00;22.55;30.65;6.34;1938.57;2325.19;1551.95;9.07;94.01;-169.87
2002/02/28;1494.58;1544.92;1476.13;1524.70;1191027;1619.90;1805.11;1918.40;1548.81;1162.82;;;;;;119102704.00;181162800.00;218741248.00;21.85;27.72;10.13;1918.40;2347.12;1489.68;-13.49;72.51;-171.99
2002/03/29;1521.53;1693.87;1494.83;1603.91;3809676;1602.85;1744.07;1897.42;1554.96;1173.01;;;;;;380967616.00;216325536.00;223606272.00;24.55;26.66;20.33;1897.42;2345.13;1449.72;-24.69;53.07;-155.51
2002/04/30;1598.03;1680.30;1575.97;1667.75;2258312;1586.80;1689.05;1879.75;1559.53;1183.19;;;;;;225831200.00;220012336.00;213999200.00;33.18;28.83;41.87;1879.75;2334.73;1424.77;-28.09;36.84;-129.85
2002/05/31;1669.87;1670.92;1506.54;1515.73;1280135;1560.75;1648.59;1860.03;1563.37;1185.53;;;;;;128013504.00;211208800.00;203792896.00;32.82;30.16;38.14;1860.03;2342.80;1377.25;-42.56;20.96;-127.04
2002/06/28;1510.25;1748.89;1455.31;1732.76;3488787;1608.97;1638.45;1848.60;1571.41;1190.05;;;;;;348878688.00;240558688.00;217192656.00;51.91;37.41;80.92;1848.60;2332.10;1365.10;-36.10;9.55;-91.29
2002/07/31;1736.29;1741.92;1647.27;1651.59;2415702;1634.35;1627.13;1827.65;1579.11;1195.04;;;;;;241570208.00;265052160.00;223107488.00;58.45;44.42;86.49;1827.65;2306.94;1348.36;-37.10;0.22;-74.64
2002/08/30;1650.05;1696.28;1624.05;1666.62;1365576;1646.89;1624.87;1807.31;1586.54;1202.07;;;;;;136557600.00;216170288.00;216247904.00;63.95;50.93;89.98;1807.31;2277.11;1337.51;-36.27;-7.08;-58.37
2002/09/27;1666.34;1680.28;1577.53;1581.62;1109457;1629.66;1608.23;1783.11;1594.61;1209.40;;;;;;110945696.00;193193168.00;206602752.00;62.36;54.74;77.59;1783.11;2246.71;1319.51;-41.98;-14.06;-55.84
2002/10/31;1577.05;1577.05;1488.68;1507.50;1231550;1628.02;1594.38;1760.53;1600.06;1217.73;;;;;;123155000.00;192221392.00;201715104.00;47.50;52.33;37.84;1760.53;2231.95;1289.10;-51.89;-21.62;-60.53
2002/11/29;1507.38;1573.10;1353.14;1434.18;1806436;1568.30;1588.64;1726.60;1604.97;1223.65;;;;;;180643600.00;158574384.00;199566544.00;38.49;47.71;20.04;1726.60;2188.87;1264.32;-64.91;-30.28;-69.26
2002/12/31;1432.03;1439.85;1348.71;1357.65;1574119;1509.51;1571.93;1688.52;1607.69;1228.46;;;;;;157411904.00;141742896.00;203397536.00;26.41;40.61;-2.01;1688.52;2139.96;1237.07;-80.48;-40.32;-80.31
2003/01/29;1347.43;1508.59;1311.68;1499.81;3188429;1476.15;1561.52;1652.80;1612.31;1230.97;;;;;;318842912.00;178199760.00;197185024.00;31.95;37.72;20.39;1652.80;2037.16;1268.43;-80.42;-48.34;-64.15
2003/02/28;1499.17;1524.75;1474.47;1511.93;1476417;1462.22;1545.94;1617.49;1617.40;1232.40;;;;;;147641696.00;185538976.00;189366064.00;36.57;37.34;35.02;1617.49;1899.29;1335.70;-78.48;-54.37;-48.23
2003/03/31;1511.58;1529.75;1447.01;1510.58;1772408;1462.83;1545.43;1597.01;1621.86;1237.28;;;;;;177240800.00;196356304.00;194288848.00;39.79;38.15;43.05;1597.01;1843.47;1350.54;-76.18;-58.73;-34.91
2003/04/30;1513.00;1649.60;1473.27;1521.44;5425700;1480.28;1524.29;1581.37;1624.83;1238.63;;;;;;542569984.00;268741632.00;213658016.00;44.70;40.34;53.44;1581.37;1802.91;1359.83;-72.65;-61.52;-22.27
2003/05/30;1522.98;1581.61;1477.25;1576.26;2659310;1524.00;1516.76;1571.94;1627.58;1243.97;;;;;;265931008.00;290445312.00;216094112.00;53.73;44.80;71.59;1571.94;1775.96;1367.93;-64.68;-62.15;-5.06
2003/06/30;1577.99;1582.41;1483.69;1486.02;2407369;1521.25;1498.70;1561.78;1630.02;1247.96;;;;;;240736896.00;274824000.00;226511872.00;53.02;47.54;63.97;1561.78;1761.41;1362.16;-64.89;-62.70;-4.39
2003/07/31;1485.52;1540.19;1464.87;1476.74;2109290;1514.21;1488.21;1548.22;1632.69;1252.93;;;;;;210928992.00;287481664.00;236510304.00;51.63;48.90;57.08;1548.22;1730.70;1365.74;-65.06;-63.17;-3.79
2003/08/29;1476.47;1497.10;1406.68;1421.98;1298554;1496.49;1479.66;1537.02;1637.22;1257.31;;;;;;129855400.00;278004544.00;237180416.00;45.30;47.70;40.49;1537.02;1721.72;1352.32;-68.82;-64.30;-9.05
2003/09/30;1423.35;1456.55;1348.22;1367.16;1552470;1465.63;1472.96;1530.80;1639.29;1261.29;;;;;;155247008.00;200539744.00;234640688.00;35.67;43.69;19.63;1530.80;1729.77;1331.82;-75.36;-66.51;-17.69
2003/10/31;1366.20;1411.88;1334.78;1348.30;1644539;1420.04;1472.02;1521.98;1641.47;1265.73;;;;;;164453904.00;180244480.00;235344896.00;25.21;37.53;0.57;1521.98;1737.08;1306.88;-81.12;-69.43;-23.38
2003/11/28;1346.48;1423.58;1307.40;1397.22;3096165;1402.28;1461.76;1511.64;1643.97;1269.17;;;;;;309616512.00;194020560.00;234422272.00;25.56;33.54;9.59;1511.64;1730.00;1293.28;-80.81;-71.71;-18.21
2003/12/31;1398.71;1525.30;1398.71;1497.04;4695721;1406.34;1460.27;1503.11;1649.81;1274.69;;;;;;469572096.00;245748944.00;266615296.00;35.51;34.20;38.14;1503.11;1708.75;1297.46;-71.69;-71.71;0.04
2004/01/30;1492.72;1634.41;1491.69;1590.73;3569572;1440.09;1468.29;1506.86;1657.41;1281.53;;;;;;356957184.00;291169088.00;284586816.00;52.55;40.32;77.03;1506.86;1716.17;1297.54;-56.25;-68.61;24.74
2004/02/27;1630.65;1730.28;1585.96;1675.07;5958184;1501.67;1483.65;1503.97;1667.16;1289.07;;;;;;595818368.00;379283456.00;289911616.00;64.02;48.22;95.62;1503.97;1701.43;1306.51;-36.78;-62.25;50.93
2004/03/31;1676.22;1760.08;1634.71;1741.62;4683405;1580.34;1500.19;1508.47;1676.88;1297.71;;;;;;468340512.00;440060736.00;310152608.00;74.65;57.03;109.90;1508.47;1723.43;1293.51;-15.80;-52.96;74.32
2004/04/30;1744.71;1783.01;1572.23;1595.59;4042507;1620.01;1511.15;1504.92;1684.80;1306.07;;;;;;404250688.00;458987520.00;326504032.00;69.97;61.34;87.22;1504.92;1711.05;1298.80;-10.83;-44.53;67.40
2004/05/31;1600.63;1606.07;1508.65;1555.91;1625119;1631.78;1519.06;1503.64;1689.40;1314.40;;;;;;162511904.00;397575776.00;321662368.00;64.06;62.25;67.69;1503.64;1708.06;1299.21;-9.98;-37.62;55.28
2004/06/30;1555.56;1580.57;1376.22;1399.16;2372526;1593.47;1516.78;1498.22;1684.57;1322.15;;;;;;237252608.00;373635072.00;332402080.00;49.14;57.88;31.66;1498.22;1707.89;1288.55;-21.71;-34.44;25.47
2004/07/30;1398.20;1466.78;1366.50;1386.20;2405055;1535.70;1518.68;1495.82;1680.98;1330.92;;;;;;240505504.00;302572352.00;340927904.00;38.28;51.35;12.15;1495.82;1709.63;1282.01;-31.68;-33.89;4.42
2004/08/31;1381.88;1424.55;1310.02;1342.06;1907726;1455.78;1518.06;1495.04;1676.23;1335.56;;;;;;190772608.00;247058848.00;343559776.00;27.78;43.49;-3.64;1495.04;1711.07;1279.01;-42.65;-35.64;-14.02
2004/09/30;1340.75;1496.21;1259.43;1396.70;4155211;1416.00;1518.01;1489.89;1673.33;1340.60;;;;;;415521088.00;249312864.00;354150208.00;27.26;38.08;5.62;1489.89;1710.31;1269.46;-46.40;-37.79;-17.22
2004/10/29;1395.67;1437.57;1289.87;1320.54;2746683;1368.93;1500.36;1480.32;1670.26;1346.15;;;;;;274668288.00;271743808.00;334659776.00;22.06;32.74;0.71;1480.32;1712.99;1247.64;-54.89;-41.21;-27.36
2004/11/30;1317.66;1387.34;1290.99;1340.77;3200063;1357.25;1475.36;1471.82;1668.69;1351.62;;;;;;320006304.00;288294496.00;330964800.00;19.89;28.46;2.75;1471.82;1712.12;1231.53;-59.30;-44.83;-28.94
2004/12/31;1340.92;1352.45;1264.15;1266.50;2373713;1333.31;1434.50;1459.08;1667.02;1356.78;;;;;;237371296.00;287667808.00;295120064.00;13.71;23.54;-5.96;1459.08;1714.84;1203.31;-68.00;-49.46;-37.08
2005/01/31;1260.78;1268.86;1189.21;1191.82;2062085;1303.27;1379.53;1439.86;1661.30;1362.02;;;;;;206208496.00;290754976.00;268906912.00;9.35;18.81;-9.58;1439.86;1715.55;1164.17;-80.00;-55.57;-48.87
2005/02/28;1189.50;1328.53;1187.26;1306.00;2575787;1285.13;1350.57;1430.86;1654.49;1368.33;;;;;;257578704.00;259166624.00;254239744.00;16.29;17.97;12.94;1430.86;1711.90;1149.81;-79.39;-60.34;-38.10
2005/03/31;1305.25;1326.08;1162.03;1181.24;3755972;1257.27;1313.10;1416.08;1644.18;1372.78;;;;;;375597184.00;279352512.00;275548160.00;12.78;16.24;5.86;1416.08;1717.32;1114.84;-87.95;-65.86;-44.19
2005/04/29;1180.37;1254.32;1135.73;1159.15;3885479;1220.94;1289.10;1402.94;1632.89;1377.61;;;;;;388547904.00;293061024.00;290677760.00;10.69;14.39;3.28;1402.94;1725.28;1080.59;-95.42;-71.77;-47.30
2005/05/31;1160.62;1165.39;1043.28;1060.74;2239217;1179.79;1256.55;1387.62;1619.00;1380.61;;;;;;223921696.00;290370752.00;289019296.00;8.41;12.40;0.43;1387.62;1744.41;1030.83;-108.04;-79.02;-58.02
2005/06/30;1059.61;1146.42;998.23;1080.94;4864711;1157.61;1230.44;1374.25;1604.88;1384.36;;;;;;486471104.00;346423296.00;318589120.00;11.88;12.22;11.20;1374.25;1756.38;992.12;-115.08;-86.23;-57.69
2005/07/29;1077.31;1097.63;1004.08;1083.03;3774041;1113.02;1199.07;1358.54;1589.20;1387.59;;;;;;377404096.00;370388576.00;314777600.00;15.19;13.21;19.13;1358.54;1761.94;955.15;-119.12;-92.81;-52.61
2005/08/31;1082.80;1201.76;1081.12;1162.80;7688623;1109.33;1183.30;1341.83;1574.89;1391.25;;;;;;768862272.00;449041600.00;364197056.00;25.61;17.34;42.14;1341.83;1748.74;934.91;-114.56;-97.16;-34.80
2005/09/30;1163.70;1223.56;1129.05;1155.61;5971197;1108.62;1164.78;1320.07;1562.32;1394.86;;;;;;597119680.00;490755680.00;391908352.00;32.96;22.55;53.77;1320.07;1717.37;922.78;-110.26;-99.78;-20.95
2005/10/31;1153.67;1165.67;1067.41;1092.82;3061254;1115.04;1147.42;1290.96;1547.84;1397.99;;;;;;306125408.00;507196608.00;398783680.00;31.52;25.54;43.47;1290.96;1663.27;918.65;-110.64;-101.95;-17.37
2005/11/30;1091.68;1122.88;1074.30;1099.26;3964881;1118.71;1138.16;1258.84;1531.66;1401.81;;;;;;396488096.00;489200032.00;417811648.00;31.28;27.45;38.94;1258.84;1573.89;943.80;-109.16;-103.39;-11.54
2005/12/30;1098.78;1173.06;1074.01;1161.06;3791003;1134.31;1123.66;1237.11;1516.45;1406.86;;;;;;379100288.00;489538752.00;429963680.00;42.05;32.32;61.51;1237.11;1511.72;962.51;-101.83;-103.08;2.50
2006/01/25;1163.88;1262.09;1161.91;1258.05;5184907;1153.36;1131.35;1222.22;1502.99;1412.86;;;;;;518490688.00;439464768.00;444253184.00;60.86;41.83;98.91;1222.22;1452.81;991.64;-87.19;-99.90;25.42
2006/02/28;1263.00;1304.61;1256.81;1299.03;5437882;1182.05;1145.33;1217.22;1491.99;1419.08;;;;;;543788224.00;428798368.00;459777024.00;73.30;52.32;115.25;1217.22;1435.65;998.78;-71.46;-94.22;45.51
2006/03/31;1299.15;1313.13;1238.16;1298.30;5670376;1223.14;1169.09;1212.82;1478.41;1425.26;;;;;;567037568.00;480980992.00;494088800.00;80.60;61.75;118.30;1212.82;1420.20;1005.44;-58.38;-87.05;57.34
2006/04/28;1298.68;1444.71;1298.68;1440.22;9143278;1291.33;1205.02;1217.73;1467.10;1431.59;;;;;;914327808.00;584548736.00;536874368.00;86.67;70.05;119.90;1217.73;1441.95;993.51;-36.14;-76.87;81.45
2006/05/31;1446.99;1678.60;1446.99;1641.30;12619326;1387.38;1260.85;1229.96;1457.55;1439.90;;;;;;1261932544.00;761115456.00;625327104.00;89.08;76.40;114.44;1229.96;1513.99;945.93;-2.27;-61.95;119.36
2006/06/30;1639.67;1695.58;1512.52;1672.21;10754336;1470.21;1311.79;1247.54;1448.45;1447.13;;;;;;1075433600.00;872503680.00;655984256.00;91.48;81.42;111.59;1247.54;1592.24;902.84;26.76;-44.20;141.94
2006/07/31;1677.31;1757.47;1611.16;1612.73;9112710;1532.95;1357.50;1261.14;1443.32;1453.72;;;;;;911270976.00;946000704.00;687399552.00;87.26;83.37;95.04;1261.14;1640.99;881.29;44.46;-26.47;141.86
2006/08/31;1619.64;1667.53;1541.41;1658.64;6782227;1605.02;1414.08;1280.75;1440.40;1460.79;;;;;;678222720.00;968237888.00;724609408.00;86.69;84.47;91.11;1280.75;1700.18;861.31;61.48;-8.88;140.72
2006/09/29;1658.66;1755.69;1634.03;1752.42;8370505;1667.46;1479.40;1308.78;1440.19;1468.10;;;;;;837050496.00;952782464.00;768665600.00;90.84;86.60;99.33;1308.78;1775.46;842.10;81.59;9.21;144.76
2006/10/31;1768.14;1842.73;1753.49;1837.99;8772998;1706.80;1547.09;1335.38;1442.67;1475.28;;;;;;877299776.00;875855488.00;818485440.00;93.63;88.94;103.01;1335.38;1858.61;812.15;103.25;28.02;150.46
2006/11/30;1838.68;2102.06;1833.20;2099.29;13239222;1792.22;1631.21;1381.28;1448.53;1484.16;;;;;;1323922176.00;925553024.00;899028352.00;95.65;91.18;104.59;1381.28;1999.95;762.61;139.88;50.39;178.98
2006/12/29;2106.29;2698.90;2084.27;2675.47;18165910;2004.76;1768.86;1457.10;1465.69;1498.82;;;;;;1816590976.00;1106617088.00;1026308928.00;96.54;92.97;103.69;1457.10;2294.22;619.97;212.96;82.91;260.10
2007/01/31;2728.19;2994.28;2617.02;2786.33;25083646;2230.30;1917.66;1543.38;1487.26;1514.00;;;;;;2508364544.00;1472645504.00;1220441728.00;93.21;93.05;93.55;1543.38;2547.53;539.22;276.62;121.65;309.95
2007/02/28;2744.81;3049.77;2541.52;2881.07;15912531;2456.03;2061.75;1633.38;1509.87;1529.34;;;;;;1591253120.00;1623485696.00;1288134016.00;91.82;92.64;90.18;1633.38;2776.15;490.61;330.91;163.50;334.81
2007/03/30;2877.20;3273.73;2723.06;3183.98;25842196;2725.23;2216.01;1738.43;1536.20;1545.58;;;;;;2584219648.00;1964870016.00;1420362752.00;92.82;92.70;93.06;1738.43;3042.99;433.87;393.83;209.57;368.53
2007/04/30;3196.59;3851.35;3196.59;3841.27;31148512;3073.63;2432.92;1872.35;1572.43;1565.98;;;;;;3114851328.00;2323056128.00;1624304640.00;95.07;93.49;98.22;1872.35;3449.55;295.16;491.08;265.87;450.42
2007/05/31;3937.94;4335.96;3845.23;4109.65;31503582;3360.46;2682.61;2020.05;1615.66;1589.52;;;;;;3150358272.00;2589809152.00;1848213120.00;93.92;93.63;94.49;2020.05;3847.98;192.13;583.08;329.31;507.54
2007/06/29;4120.63;4312.00;3404.15;3820.70;29792672;3567.33;2898.82;2156.45;1650.46;1610.94;;;;;;2979267072.00;2683990016.00;2078317824.00;89.30;92.19;83.51;2156.45;4096.70;216.20;625.47;388.54;473.85
2007/07/31;3800.23;4476.63;3563.54;4471.03;18476480;3885.32;3170.68;2325.04;1697.45;1638.28;;;;;;1847648000.00;2735269376.00;2179377664.00;92.79;92.39;93.60;2325.04;4455.17;194.90;703.43;451.52;503.81
2007/08/31;4488.77;5235.16;4284.87;5218.83;25706728;4292.30;3508.76;2527.93;1756.65;1671.60;;;;;;2570672896.00;2732559616.00;2348714752.00;95.02;93.27;98.53;2527.93;4944.92;110.93;816.14;524.44;583.40
2007/09/28;5257.78;5560.42;5025.34;5552.30;20302320;4634.50;3854.06;2742.64;1822.83;1708.72;;;;;;2030232064.00;2515635456.00;2419345920.00;96.59;94.38;101.03;2742.64;5432.23;53.04;921.75;603.91;635.70
2007/10/31;5683.31;6124.04;5462.01;5954.77;14640799;5003.53;4181.99;2975.43;1896.95;1748.51;;;;;;1464079872.00;2178380544.00;2384094720.00;96.15;94.97;98.52;2975.43;5931.63;19.22;1026.10;688.34;675.51
2007/11/30;5978.94;6005.13;4778.73;4871.78;11113601;5213.74;4390.54;3154.10;1954.25;1779.61;;;;;;1111360128.00;1804798336.00;2244394240.00;85.16;91.70;72.09;3154.10;6115.46;192.73;1009.77;752.63;514.27
2007/12/28;4838.56;5336.50;4798.01;5261.56;13521871;5371.85;4628.59;3345.17;2019.31;1813.50;;;;;;1352187136.00;1705706240.00;2220487936.00;80.29;87.90;65.07;3345.17;6333.91;356.42;1016.55;805.41;422.28
2008/01/31;5265.00;5522.78;4330.70;4383.39;18871768;5204.76;4748.53;3482.27;2067.37;1839.84;;;;;;1887176832.00;1569007232.00;2150783488.00;65.53;80.44;35.70;3482.27;6392.46;572.08;940.24;832.38;215.71
2008/02/29;4388.25;4695.80;4123.31;4348.54;9184871;4964.01;4799.25;3616.09;2114.65;1866.02;;;;;;918487104.00;1346658304.00;1931146880.00;55.26;72.05;21.68;3616.09;6420.02;812.16;866.95;839.29;55.31
2008/03/31;4323.70;4472.15;3357.23;3472.71;13985475;4467.59;4735.56;3709.09;2147.35;1884.60;;;;;;1398547456.00;1333551872.00;1755966208.00;38.23;60.77;-6.86;3709.09;6352.00;1066.17;729.78;817.39;-175.22
2008/04/30;3461.08;3705.09;2990.79;3693.11;16376687;4231.86;4722.80;3810.81;2183.55;1904.19;;;;;;1637668736.00;1438812544.00;1621805440.00;32.96;51.50;-4.13;3810.81;6271.78;1349.84;631.58;780.23;-297.30
2008/05/30;3739.80;3786.02;3333.95;3433.35;15816568;3866.22;4619.03;3894.86;2214.50;1921.04;;;;;;1581656832.00;1484707456.00;1595206912.00;26.68;43.23;-6.41;3894.86;6167.44;1622.27;526.72;729.53;-405.61
2008/06/30;3426.20;3483.61;2693.40;2736.10;11558874;3536.76;4370.76;3939.76;2235.33;1932.68;;;;;;1155887360.00;1338449152.00;1453728128.00;18.20;34.89;-15.17;3939.76;6072.40;1807.12;382.94;660.21;-554.53
2008/07/31;2743.16;2952.04;2566.53;2775.72;16192970;3222.20;4093.10;3973.58;2256.98;1944.83;;;;;;1619297024.00;1478610944.00;1412634624.00;14.16;27.98;-13.47;3973.58;6002.24;1944.92;269.10;581.99;-625.78
2008/08/29;2751.02;2830.76;2284.58;2397.37;10364708;3007.13;3737.36;3959.68;2273.24;1955.23;;;;;;1036470784.00;1406196096.00;1369874048.00;10.60;22.19;-12.56;3959.68;6029.20;1890.15;146.65;494.92;-696.54
2008/09/26;2380.47;2380.47;1802.33;2293.78;12308563;2727.26;3479.56;3935.05;2288.68;1963.98;;;;;;1230856320.00;1324834816.00;1381823744.00;11.47;18.61;-2.81;3935.05;6073.93;1796.17;40.78;404.09;-726.62
2008/10/31;2267.39;2267.39;1664.93;1728.79;11981192;2386.35;3126.28;3877.44;2295.02;1968.25;;;;;;1198119168.00;1248126592.00;1366417024.00;8.35;15.19;-5.34;3877.44;6190.81;1564.06;-87.70;305.73;-786.87
2008/11/28;1713.76;2050.88;1678.96;1871.16;20665356;2213.36;2875.06;3811.80;2302.92;1973.44;;;;;;2066535552.00;1430256000.00;1384352512.00;8.02;12.80;-1.55;3811.80;6277.51;1346.09;-176.01;209.39;-770.78
2008/12/31;1865.74;2100.81;1814.75;1820.81;25513944;2022.38;2622.29;3710.77;2308.32;1979.06;;;;;;2551394304.00;1616676480.00;1547643648.00;7.79;11.13;1.12;3710.77;6332.05;1089.49;-247.20;118.07;-730.54
2009/01/23;1849.02;2018.51;1844.09;1990.66;14975977;1941.04;2474.08;3604.82;2314.98;1986.20;;;;;;1497597696.00;1708900352.00;1557548288.00;10.31;10.86;9.23;3604.82;6327.55;882.09;-286.61;37.13;-647.49
2009/02/27;2008.13;2402.81;1987.13;2082.85;35642424;1898.86;2313.06;3517.93;2321.78;1994.47;;;;;;3564242432.00;2175577344.00;1750206080.00;14.54;12.08;19.44;3517.93;6321.38;714.49;-306.87;-31.67;-550.41
2009/03/31;2066.23;2392.77;2037.02;2373.21;31631644;2027.74;2207.04;3413.04;2332.31;2004.59;;;;;;3163164416.00;2568586752.00;1908356736.00;28.03;17.40;49.30;3413.04;6223.31;602.77;-296.09;-84.55;-423.07
2009/04/30;2380.98;2579.22;2331.88;2477.57;34808828;2149.02;2181.19;3275.98;2347.01;2015.90;;;;;;3480882688.00;2851456512.00;2140856320.00;41.92;25.58;74.62;3275.98;5980.83;571.12;-275.94;-122.83;-306.21
2009/05/27;2486.69;2688.11;2486.23;2632.93;26995994;2311.44;2166.91;3130.01;2364.96;2027.18;;;;;;2699599360.00;2881096960.00;2248886784.00;59.49;36.88;104.70;3130.01;5624.54;635.47;-244.61;-147.19;-194.85
2009/06/30;2668.40;2997.27;2668.40;2959.36;32693356;2505.19;2223.11;2980.24;2390.96;2037.76;;;;;;3269335552.00;3235445248.00;2472172800.00;72.04;48.60;118.93;2980.24;5090.82;869.66;-191.24;-156.00;-70.49
2009/07/31;2950.17;3454.02;2947.69;3412.06;45407008;2771.02;2334.94;2907.25;2424.72;2052.85;;;;;;4540700672.00;3430735872.00;2803156480.00;80.57;59.26;123.20;2907.25;4835.50;979.01;-111.13;-147.02;71.78
2009/08/31;3429.69;3478.01;2663.00;2667.75;33766156;2829.94;2428.84;2777.56;2446.82;2061.52;;;;;;3376615680.00;3473425920.00;3021006336.00;70.81;63.11;86.21;2777.56;4356.32;1198.80;-106.48;-138.92;64.87
2009/09/30;2649.17;3068.03;2639.76;2779.43;29481612;2890.30;2519.66;2697.36;2469.86;2071.60;;;;;;2948161280.00;3366882560.00;3109169664.00;66.29;64.17;70.53;2697.36;4083.91;1310.81;-92.71;-129.67;73.92
2009/10/30;2840.13;3123.46;2834.62;2995.85;20065906;2962.89;2637.17;2629.73;2497.79;2084.02;;;;;;2006590592.00;3228280320.00;3054688768.00;66.75;65.03;70.18;2629.73;3790.78;1468.68;-63.61;-116.46;105.71
2009/11/30;2933.82;3361.39;2923.52;3195.30;37542536;3010.07;2757.63;2615.86;2528.69;2098.69;;;;;;3754253568.00;3325263872.00;3280354560.00;71.29;67.12;79.64;2615.86;3740.57;1491.15;-24.16;-98.00;147.67
2009/12/31;3191.06;3334.01;3039.86;3277.14;30267260;2983.09;2877.06;2595.06;2562.21;2114.61;;;;;;3026725888.00;3022469632.00;3226602752.00;75.02;69.75;85.56;2595.06;3649.05;1541.07;13.54;-75.69;178.47
2010/01/29;3289.75;3306.75;2963.89;2989.29;26742808;3047.40;2938.67;2572.86;2592.16;2126.73;;;;;;2674280704.00;2882002944.00;3177714432.00;66.92;68.81;63.15;2572.86;3569.65;1576.06;19.96;-56.56;153.05
2010/02/26;2981.37;3067.52;2890.02;3051.94;13594930;3101.91;2996.10;2588.65;2621.26;2137.88;;;;;;1359492992.00;2564268032.00;2965575168.00;61.00;66.21;50.60;2588.65;3606.13;1571.17;29.77;-39.30;138.13
2010/03/31;3057.01;3132.58;2963.44;3109.10;23523456;3124.55;3043.72;2605.32;2653.39;2148.79;;;;;;2352345600.00;2633420032.00;2930850304.00;59.33;63.91;50.17;2605.32;3646.35;1564.28;41.67;-23.10;129.54
2010/04/30;3111.93;3181.66;2820.95;2870.61;25818668;3059.62;3034.85;2628.98;2681.92;2157.41;;;;;;2581866752.00;2398941952.00;2862103040.00;48.73;58.85;28.50;2628.98;3671.62;1586.34;31.49;-12.18;87.35
2010/05/31;2821.35;2862.56;2481.97;2592.15;20498618;2922.62;2952.86;2643.90;2707.44;2163.22;;;;;;2049861760.00;2203570944.00;2613020160.00;36.67;51.46;7.08;2643.90;3674.82;1612.98;0.95;-9.56;21.01
2010/06/30;2577.76;2598.90;2382.36;2398.37;14784582;2804.43;2925.92;2677.38;2729.40;2167.14;;;;;;1478458240.00;1964403968.00;2423203328.00;24.99;42.64;-10.30;2677.38;3623.14;1731.61;-38.45;-15.34;-46.23
2010/07/30;2393.95;2656.41;2319.74;2637.50;21957820;2721.54;2911.73;2715.69;2755.31;2172.25;;;;;;2195781888.00;2131663232.00;2347965696.00;26.83;37.37;5.75;2715.69;3582.75;1848.64;-49.81;-22.23;-55.15
2010/08/31;2635.81;2701.93;2564.84;2638.80;27124330;2627.49;2876.02;2756.59;2779.91;2177.40;;;;;;2712432896.00;2203679232.00;2418549504.00;28.37;34.37;16.38;2756.59;3516.46;1996.73;-58.03;-29.39;-57.28
2010/09/30;2641.05;2704.93;2573.63;2655.66;22507254;2584.49;2822.06;2789.84;2804.91;2183.61;;;;;;2250725376.00;2137453312.00;2268197632.00;30.26;33.00;24.78;2789.84;3461.69;2118.00;-62.47;-36.01;-52.93
2010/10/29;2681.25;3073.38;2677.99;2978.83;33783896;2661.83;2792.23;2834.64;2836.34;2192.09;;;;;;3378389504.00;2403155968.00;2303363584.00;45.66;37.22;62.55;2834.64;3422.19;2247.09;-39.45;-36.70;-5.52
2010/11/30;2986.89;3186.72;2758.92;2820.18;40429716;2746.20;2775.32;2856.99;2865.02;2198.34;;;;;;4042971648.00;2916061952.00;2440232960.00;49.68;41.37;66.30;2856.99;3403.19;2310.79;-33.63;-36.08;4.91
2010/12/31;2810.54;2939.05;2721.48;2808.08;24120560;2780.31;2750.93;2873.52;2892.47;2204.46;;;;;;2412056064.00;2959315712.00;2545489408.00;51.90;44.88;65.93;2873.52;3390.60;2356.43;-29.65;-34.80;10.30
2011/01/31;2825.33;2868.01;2661.45;2790.69;19369192;2810.69;2719.09;2881.40;2918.02;2210.50;;;;;;1936919168.00;2804213248.00;2503946240.00;52.70;47.49;63.14;2881.40;3387.74;2375.07;-27.58;-33.35;11.55
2011/02/28;2795.07;2944.41;2760.18;2905.05;19199740;2860.57;2722.53;2878.69;2944.78;2218.39;;;;;;1919974016.00;2738061312.00;2437757440.00;57.64;50.87;71.18;2878.69;3383.84;2373.53;-16.52;-29.98;26.94
2011/03/31;2906.28;3012.04;2850.94;2928.11;32029408;2850.42;2756.13;2854.49;2971.95;2225.18;;;;;;3202940928.00;2702973440.00;2553064704.00;61.82;54.52;76.41;2854.49;3294.19;2414.79;-5.82;-25.15;38.66
2011/04/29;2932.48;3067.46;2871.01;2911.51;25218452;2868.69;2807.44;2866.68;2996.47;2231.78;;;;;;2521845248.00;2398745344.00;2657403648.00;59.79;56.28;66.82;2866.68;3298.02;2435.34;1.29;-19.86;42.32
2011/05/31;2911.51;2933.46;2689.21;2743.47;19570660;2855.77;2818.04;2864.88;3014.84;2236.19;;;;;;1957065984.00;2307748608.00;2633532160.00;49.10;53.88;39.52;2864.88;3298.05;2431.71;-6.55;-17.20;21.31
2011/06/30;2737.06;2774.37;2610.99;2762.08;17828004;2850.04;2830.37;2853.19;3033.00;2240.73;;;;;;1782800384.00;2276926976.00;2540570112.00;41.48;49.75;24.94;2853.19;3284.09;2422.29;-11.13;-15.99;9.71
2011/07/29;2767.83;2826.96;2677.12;2701.73;20490016;2809.38;2834.98;2828.52;3051.15;2247.24;;;;;;2049001600.00;2302731776.00;2520396544.00;32.91;44.13;10.45;2828.52;3232.62;2424.41;-19.41;-16.67;-5.48
2011/08/31;2697.57;2712.89;2437.68;2567.34;18019774;2737.23;2793.82;2793.02;3066.30;2253.35;;;;;;1801977344.00;2022539264.00;2362756352.00;28.80;39.02;8.35;2793.02;3153.56;2432.49;-36.40;-20.62;-31.56
2011/09/30;2569.80;2584.80;2348.22;2359.22;11902838;2626.76;2747.73;2761.52;3076.41;2258.30;1621.06;;;;;1190283776.00;1756227200.00;2077486336.00;19.71;32.59;-6.04;2761.52;3158.15;2364.89;-65.89;-29.67;-72.44
2011/10/31;2363.08;2483.76;2307.15;2468.25;12017766;2571.72;2713.74;2732.34;3086.92;2264.79;1630.42;;;;;1201776640.00;1605166720.00;1956457728.00;20.20;28.46;3.69;2732.34;3124.87;2339.80;-79.55;-39.65;-79.81
2011/11/30;2450.33;2536.78;2319.44;2333.41;16417186;2485.99;2668.02;2693.55;3090.82;2269.67;1639.23;;;;;1641718656.00;1576950144.00;1926938624.00;14.62;23.85;-3.83;2693.55;3082.61;2304.49;-100.11;-51.74;-96.73
2011/12/30;2392.48;2423.56;2134.02;2199.42;11545169;2385.52;2597.45;2659.99;3082.88;2274.28;1647.50;;;;;1154516864.00;1398053248.00;1850392576.00;12.08;19.92;-3.60;2659.99;3097.52;2222.47;-125.76;-66.54;-118.43
2012/01/31;2212.00;2324.49;2132.63;2292.61;10455798;2330.59;2533.91;2645.02;3074.66;2280.96;1656.19;;;;;1045579776.00;1246773248.00;1634656256.00;14.71;18.19;7.77;2645.02;3111.84;2178.19;-136.99;-80.63;-112.71
2012/02/29;2288.07;2478.38;2263.34;2428.49;19522828;2344.44;2485.60;2646.52;3067.11;2288.49;1665.45;;;;;1952282752.00;1399173888.00;1577700608.00;24.01;20.13;31.78;2646.52;3110.18;2182.86;-133.38;-91.18;-84.40
2012/03/30;2418.79;2476.22;2242.35;2262.79;20894510;2303.35;2437.53;2627.79;3051.76;2293.98;1674.04;;;;;2089451008.00;1576710912.00;1590938880.00;22.26;20.84;25.09;2627.79;3122.24;2133.33;-142.26;-101.40;-81.72
2012/04/27;2258.03;2415.75;2251.39;2396.32;16337145;2315.93;2400.96;2615.66;3027.68;2300.05;1683.07;;;;;1633714560.00;1575108608.00;1576029440.00;29.99;23.89;42.18;2615.66;3120.76;2110.57;-136.94;-108.51;-56.87
2012/05/31;2421.08;2453.73;2309.07;2372.23;19912340;2350.49;2368.01;2601.49;2998.72;2307.19;1691.99;;;;;1991234048.00;1742451456.00;1570252416.00;37.65;28.48;56.01;2601.49;3117.65;2085.34;-133.13;-113.43;-39.40
2012/06/29;2373.22;2388.09;2188.72;2225.43;12760927;2337.05;2333.82;2563.82;2972.13;2311.30;1700.17;;;;;1276092672.00;1788556032.00;1517664640.00;32.76;29.90;38.46;2563.82;3073.96;2053.69;-140.34;-118.81;-43.06
2012/07/31;2234.32;2244.83;2100.25;2103.63;13490812;2272.08;2308.26;2527.99;2932.67;2315.06;1707.86;;;;;1349081216.00;1667914112.00;1533544064.00;22.10;27.30;11.69;2527.99;3062.39;1993.59;-154.11;-125.87;-56.48
2012/08/31;2101.72;2176.79;2032.54;2047.52;13640212;2229.02;2266.19;2489.97;2879.82;2318.24;1715.18;;;;;1364021248.00;1522827264.00;1549769088.00;15.85;23.48;0.58;2489.97;3048.16;1931.77;-167.62;-134.22;-66.79
2012/09/28;2044.82;2145.00;1999.48;2086.17;14327869;2166.99;2241.46;2454.74;2822.05;2322.44;1722.49;;;;;1432786944.00;1482643840.00;1528876288.00;16.60;21.19;7.42;2454.74;3021.87;1887.61;-173.20;-142.02;-62.37
2012/10/31;2084.85;2138.03;2053.09;2068.88;12312508;2106.32;2228.41;2412.93;2757.29;2327.12;1729.59;;;;;1231250816.00;1330646272.00;1536548864.00;15.90;19.43;8.84;2412.93;2963.32;1862.53;-176.99;-149.01;-55.95
2012/11/30;2070.02;2123.33;1959.33;1980.12;12452023;2057.26;2197.16;2365.53;2709.09;2331.67;1736.26;;;;;1245202304.00;1324469504.00;1556512768.00;11.94;16.93;1.96;2365.53;2891.87;1839.19;-185.02;-156.21;-57.61
2012/12/31;1977.25;2269.51;1949.46;2269.13;22452056;2090.36;2181.22;2333.41;2659.22;2339.26;1743.88;;;;;2245205504.00;1503694080.00;1585804032.00;29.09;20.98;45.30;2333.41;2793.73;1873.09;-166.14;-158.20;-15.89
2013/01/31;2289.51;2391.82;2234.95;2385.42;26719250;2157.94;2193.48;2315.51;2625.92;2346.65;1751.89;;;;;2671924992.00;1765274368.00;1644050816.00;48.21;30.06;84.52;2315.51;2734.69;1896.33;-140.18;-154.60;28.82
2013/02/28;2377.41;2444.80;2289.89;2365.59;18265338;2213.83;2190.41;2295.69;2592.87;2353.76;1759.57;;;;;1826533760.00;1844022528.00;1663333120.00;60.14;40.09;100.26;2295.69;2659.83;1931.54;-119.83;-147.64;55.62
2013/03/29;2364.54;2369.65;2228.81;2236.62;23259538;2247.38;2176.85;2272.43;2572.27;2359.81;1763.58;;;;;2325953792.00;2062965120.00;1696805632.00;59.42;46.53;85.20;2272.43;2582.83;1962.03;-112.81;-140.68;55.73
2013/04/26;2229.46;2253.42;2165.78;2177.91;14971428;2286.94;2172.10;2252.96;2547.01;2365.28;1767.53;;;;;1497142784.00;2113349248.00;1718909312.00;54.99;49.35;66.26;2252.96;2532.82;1973.10;-110.70;-134.68;47.95
2013/05/31;2170.78;2334.33;2161.14;2300.60;22948984;2293.23;2191.80;2250.03;2528.14;2371.32;1772.52;;;;;2294898432.00;2123291008.00;1813492480.00;60.29;53.00;74.87;2250.03;2526.41;1973.64;-98.01;-127.35;58.68
2013/06/28;2300.21;2313.43;1849.65;1979.21;15523833;2211.98;2184.96;2225.57;2515.52;2375.43;1777.15;;;;;1552383360.00;1899384064.00;1832329216.00;47.45;51.15;40.05;2225.57;2507.15;1944.00;-112.58;-124.39;23.63
2013/07/31;1965.99;2092.87;1946.37;1993.80;21649630;2137.63;2175.73;2208.59;2502.49;2379.73;1782.31;;;;;2164963072.00;1967069568.00;1905545984.00;39.71;47.33;24.45;2208.59;2503.44;1913.75;-121.55;-123.82;4.55
2013/08/30;2000.82;2198.85;1997.06;2098.38;24894848;2109.98;2178.68;2203.54;2497.50;2385.37;1788.68;;;;;2489484800.00;1999775360.00;2031370240.00;40.40;45.02;31.16;2203.54;2502.48;1904.60;-118.85;-122.83;7.96
2013/09/30;2104.09;2270.27;2078.46;2174.67;29995068;2109.33;2198.13;2197.65;2495.52;2392.10;1794.48;;;;;2999506688.00;2300248064.00;2206798592.00;45.14;45.06;45.29;2197.65;2493.83;1901.46;-109.30;-120.12;21.66
2013/10/31;2171.90;2242.98;2093.20;2141.61;23773952;2077.53;2185.38;2183.30;2502.40;2398.71;1799.92;;;;;2377395200.00;2316746752.00;2220018944.00;46.44;45.52;48.29;2183.30;2459.53;1907.08;-103.20;-116.74;27.08
2013/11/29;2139.88;2234.39;2078.99;2220.50;21878708;2125.79;2168.89;2181.19;2508.22;2405.57;1804.01;;;;;2187870720.00;2443844096.00;2171613952.00;54.74;48.59;67.02;2181.19;2455.49;1906.88;-90.96;-111.58;41.25
2013/12/31;2203.12;2260.87;2068.54;2115.98;20712628;2150.23;2143.93;2167.17;2513.14;2410.73;1807.11;;;;;2071262848.00;2425103872.00;2196086784.00;54.81;50.66;63.09;2167.17;2423.23;1911.11;-88.66;-107.00;36.67
2014/01/30;2112.13;2113.11;1984.82;2033.08;15635794;2137.17;2123.57;2150.21;2513.85;2414.42;1811.54;;;;;1563579392.00;2239922176.00;2119848704.00;49.15;50.16;47.14;2150.21;2393.70;1906.72;-92.47;-104.09;23.24
2014/02/28;2022.32;2177.98;2014.38;2056.30;20512176;2113.49;2111.41;2141.76;2513.41;2417.59;1814.33;;;;;2051217664.00;2050267520.00;2175257856.00;47.62;49.31;44.24;2141.76;2386.00;1897.52;-92.55;-101.78;18.47
2014/03/31;2052.08;2079.55;1974.38;2033.31;23129756;2091.84;2084.68;2138.24;2507.74;2420.02;1818.72;;;;;2312975616.00;2037379840.00;2177063424.00;40.69;46.44;29.20;2138.24;2386.78;1889.70;-93.39;-100.10;13.43
2014/04/30;2031.00;2146.67;1997.64;2026.36;20674468;2053.01;2089.40;2137.18;2500.22;2423.61;1822.80;;;;;2067446784.00;2013295360.00;2228569600.00;32.99;41.96;15.05;2137.18;2387.52;1886.84;-93.54;-98.79;10.51
2014/05/30;2022.18;2061.06;1991.06;2039.21;15124593;2037.65;2093.94;2134.83;2490.33;2427.64;1827.43;;;;;1512459264.00;1901533568.00;2163318784.00;29.29;37.74;12.41;2134.83;2388.05;1881.62;-91.56;-97.34;11.57
2014/06/30;2039.20;2087.32;2010.53;2048.33;15912306;2040.70;2088.93;2133.81;2475.14;2433.05;1832.05;;;;;1591230592.00;1907064832.00;2073493504.00;28.13;34.53;15.33;2133.81;2388.31;1879.30;-88.24;-95.52;14.57
2014/07/31;2051.22;2202.13;2033.00;2201.56;29809534;2069.75;2091.62;2144.88;2454.97;2439.85;1837.29;;;;;2980953344.00;2093010176.00;2071638784.00;45.19;38.09;59.39;2144.88;2390.34;1899.42;-72.41;-90.90;36.98
2014/08/29;2194.17;2248.94;2180.60;2217.20;33437792;2106.53;2099.18;2142.28;2447.46;2447.14;1842.90;;;;;3343779328.00;2299176448.00;2168278272.00;58.38;44.85;85.43;2142.28;2383.27;1901.30;-57.94;-84.31;52.74
2014/09/30;2220.13;2365.49;2217.68;2363.87;41910300;2174.04;2113.52;2141.20;2440.53;2455.20;1848.42;;;;;4191030016.00;2723892480.00;2368593920.00;72.11;53.94;108.47;2141.20;2377.76;1904.64;-34.24;-74.29;80.11
2014/10/31;2368.58;2423.60;2279.84;2420.18;36972864;2250.23;2143.94;2143.93;2430.94;2464.36;1854.76;;;;;3697286400.00;3160857088.00;2531195392.00;81.16;63.01;117.45;2143.93;2392.36;1895.51;-10.79;-61.59;101.61
2014/11/28;2425.22;2683.18;2401.75;2682.83;56913336;2377.13;2208.92;2166.25;2422.40;2475.55;1862.41;;;;;5691333632.00;3980879360.00;2943972096.00;87.42;71.15;119.97;2166.25;2511.13;1821.36;28.66;-43.54;144.41
2014/12/31;2691.72;3239.36;2665.69;3234.68;113835216;2583.76;2326.75;2219.08;2421.69;2491.95;1872.27;;;;;11383521280.00;5661392896.00;3877201408.00;91.49;77.93;118.61;2219.08;2808.57;1629.60;103.26;-14.18;234.89
2015/01/30;3258.63;3406.79;3095.07;3210.36;70374328;2782.38;2444.46;2264.57;2425.37;2508.77;1882.29;;;;;7037432832.00;6400117760.00;4349647360.00;89.70;81.85;105.40;2264.57;3002.30;1526.84;158.60;20.38;276.44
2015/02/27;3148.14;3324.55;3049.11;3310.30;36155940;2971.67;2572.85;2331.13;2429.68;2525.47;1893.16;;;;;3615593984.00;6285033472.00;4504462848.00;90.83;84.84;102.80;2331.13;3190.59;1471.66;208.11;57.92;300.38
2015/03/31;3332.72;3835.57;3198.37;3747.90;94424840;3237.22;2743.72;2418.83;2440.33;2546.86;1905.93;;;;;9442484224.00;7434073088.00;5297464832.00;92.27;87.32;102.16;2418.83;3469.98;1367.68;279.45;102.23;354.44
2015/04/30;3748.34;4572.39;3742.21;4441.66;126773720;3588.98;2983.06;2536.00;2466.51;2574.21;1921.82;;;;;12677371904.00;8831281152.00;6406080000.00;93.02;89.22;100.63;2536.00;3909.65;1162.34;387.49;159.28;456.42
2015/05/29;4441.34;4986.50;4099.04;4611.74;106648840;3864.39;3224.07;2657.85;2500.17;2603.81;1938.93;;;;;10664884224.00;8687550464.00;7174471680.00;90.84;89.76;92.99;2657.85;4302.24;1013.45;481.29;223.68;515.22
2015/06/30;4633.10;5178.19;3847.88;4277.22;128706448;4077.76;3430.07;2764.63;2531.48;2630.44;1952.90;;;;;12870644736.00;9854195712.00;8127157248.00;83.53;87.68;75.22;2764.63;4540.01;989.24;522.61;283.47;478.29
2015/07/31;4214.15;4317.05;3373.54;3663.73;131935944;4148.45;3560.06;2836.79;2548.59;2651.95;1964.39;;;;;13193594880.00;11769796608.00;9027415040.00;70.84;82.07;48.38;2836.79;4636.21;1037.37;500.09;326.79;346.60
2015/08/31;3614.99;4006.34;2850.71;3205.99;87192576;4040.06;3638.64;2891.29;2558.04;2668.97;1974.59;;;;;8719257600.00;11625149440.00;9529611264.00;54.39;72.84;17.49;2891.29;4664.63;1117.95;440.24;349.48;181.51
2015/09/02;3157.83;3194.48;3019.09;3160.17;8706025;3783.76;3686.37;2947.64;2566.45;2685.68;1984.50;;;;;870602496.00;9263795200.00;9047537664.00;40.69;62.13;-2.17;2947.64;4677.24;1218.04;384.67;356.52;56.29
